Time,EventCode,TrialId,Category,Expected,Received,Extra,TriggerValue
8.085178,pps_trial_start,PRACTICE_T01,TactileOnly,,,17,17
9.627333,pps_response,,,,,,62
11.058660,pps_vib_fired,PRACTICE_T01,,,,D4,64
14.779438,pps_trial_start,PRACTICE_T02,TactileOnly,,,18,18
15.905081,pps_vib_fired,PRACTICE_T02,,,,D4,64
20.944191,pps_trial_start,PRACTICE_T01,VisualOnly,,,1,1
22.499519,pps_response,,,,,,62
27.678729,pps_trial_start,PRACTICE_T02,VisualOnly,,,2,2
28.581227,pps_response,,,,,,62
33.218932,pps_trial_start,PRACTICE_T01,VisualOnly,,,1,1
36.385195,pps_response,,,,,,62
39.676839,pps_trial_start,PRACTICE_T02,Both,,,45,45
41.842670,pps_response,,,,,,62
42.648051,pps_vib_fired,PRACTICE_T02,,,,D4,64
46.453430,pps_trial_start,PRACTICE_T03,Both,,,46,46
47.161947,pps_response,,,,,,62
47.564322,pps_vib_fired,PRACTICE_T03,,,,D4,64
50.424917,pps_session_start,,,,,,61
52.993326,pps_trial_start,B1_T01,TactileOnly,,,17,17
55.298749,pps_response,,,,,,62
55.965000,pps_vib_fired,B1_T01,,,,D4,64
59.561954,pps_trial_start,B1_T02,Both,,,34,34
60.048314,pps_response,,,,,,62
61.436842,pps_vib_fired,B1_T02,,,,D1,64
62.672658,pps_trial_start,B1_T03,VisualOnly,,,1,1
63.394987,pps_response,,,,,,62
68.948957,pps_trial_start,B1_T04,VisualOnly,,,2,2
69.698992,pps_response,,,,,,62
72.115018,pps_trial_start,B1_T05,TactileOnly,,,17,17
75.031833,pps_response,,,,,,62
75.087172,pps_vib_fired,B1_T05,,,,D4,64
78.392574,pps_trial_start,B1_T06,Both,,,49,49
79.573107,pps_response,,,,,,62
80.697567,pps_vib_fired,B1_T06,,,,D5,64
84.904906,pps_trial_start,B1_T07,Both,,,41,41
87.112965,pps_response,,,,,,62
88.543185,pps_vib_fired,B1_T07,,,,D3,64
91.501397,pps_trial_start,B1_T08,VisualOnly,,,1,1
92.681309,pps_response,,,,,,62
97.777879,pps_trial_start,B1_T09,TactileOnly,,,9,9
98.472509,pps_response,,,,,,62
102.082187,pps_vib_fired,B1_T09,,,,D2,64
104.373833,pps_trial_start,B1_T10,Both,,,57,57
105.345868,pps_vib_fired,B1_T10,,,,D7,64
111.108587,pps_trial_start,B1_T11,Both,,,37,37
115.136080,pps_response,,,,,,62
115.413371,pps_vib_fired,B1_T11,,,,D2,64
117.482008,pps_trial_start,B1_T12,TactileOnly,,,26,26
118.107017,pps_vib_fired,B1_T12,,,,D6,64
121.245881,pps_trial_start,B1_T13,Both,,,53,53
122.884236,pps_vib_fired,B1_T13,,,,D6,64
128.508264,pps_trial_start,B1_T14,VisualOnly,,,1,1
135.271620,pps_trial_start,B1_T15,TactileOnly,,,26,26
135.896583,pps_vib_fired,B1_T15,,,,D6,64
140.076669,pps_trial_start,B1_T16,TactileOnly,,,21,21
142.381865,pps_vib_fired,B1_T16,,,,D5,64
147.255600,pps_trial_start,B1_T17,Both,,,33,33
148.519324,pps_response,,,,,,62
152.227329,pps_vib_fired,B1_T17,,,,D1,64
154.004450,pps_trial_start,B1_T18,TactileOnly,,,18,18
155.124979,pps_vib_fired,B1_T18,,,,D4,64
155.152711,pps_response,,,,,,62
157.154614,pps_trial_start,B1_T19,Both,,,53,53
158.780159,pps_vib_fired,B1_T19,,,,D6,64
164.362743,pps_trial_start,B1_T20,Both,,,46,46
165.487963,pps_vib_fired,B1_T20,,,,D4,64
168.834662,pps_trial_start,B1_T21,VisualOnly,,,1,1
175.333531,pps_trial_start,B1_T22,Both,,,54,54
175.958438,pps_vib_fired,B1_T22,,,,D6,64
179.582866,pps_trial_start,B1_T23,Both,,,45,45
182.554182,pps_vib_fired,B1_T23,,,,D4,64
187.025723,pps_trial_start,B1_T24,TactileOnly,,,6,6
188.900378,pps_vib_fired,B1_T24,,,,D1,64
189.692430,pps_response,,,,,,62
191.011998,pps_trial_start,B1_T25,Both,,,54,54
191.636890,pps_vib_fired,B1_T25,,,,D6,64
192.595576,pps_response,,,,,,62
194.636902,pps_trial_start,B1_T26,Both,,,46,46
195.761335,pps_vib_fired,B1_T26,,,,D4,64
195.789381,pps_response,,,,,,62
198.177511,pps_trial_start,B1_T27,Both,,,58,58
198.552270,pps_vib_fired,B1_T27,,,,D7,64
198.996446,pps_response,,,,,,62
201.579302,pps_trial_start,B1_T28,TactileOnly,,,9,9
202.801481,pps_response,,,,,,62
205.883878,pps_vib_fired,B1_T28,,,,D2,64
207.786533,pps_trial_start,B1_T29,TactileOnly,,,6,6
208.841886,pps_response,,,,,,62
209.660977,pps_vib_fired,B1_T29,,,,D1,64
211.257918,pps_trial_start,B1_T30,Both,,,58,58
211.633086,pps_vib_fired,B1_T30,,,,D7,64
215.464387,pps_trial_start,B1_T31,VisualOnly,,,2,2
218.589466,pps_trial_start,B1_T32,Both,,,34,34
220.450416,pps_vib_fired,B1_T32,,,,D1,64
223.880112,pps_trial_start,B1_T33,Both,,,45,45
226.852144,pps_vib_fired,B1_T33,,,,D4,64
227.324400,pps_response,,,,,,62
230.087137,pps_trial_start,B1_T34,Both,,,54,54
230.712414,pps_vib_fired,B1_T34,,,,D6,64
231.142890,pps_response,,,,,,62
233.253519,pps_trial_start,B1_T35,VisualOnly,,,2,2
236.643467,pps_trial_start,B1_T36,TactileOnly,,,13,13
239.657648,pps_response,,,,,,62
240.282604,pps_vib_fired,B1_T36,,,,D3,64
243.378828,pps_trial_start,B1_T37,Both,,,41,41
247.017439,pps_vib_fired,B1_T37,,,,D3,64
247.392160,pps_response,,,,,,62
250.141287,pps_trial_start,B1_T38,Both,,,49,49
252.432560,pps_vib_fired,B1_T38,,,,D5,64
252.765587,pps_response,,,,,,62
256.598314,pps_trial_start,B1_T39,Both,,,58,58
256.973098,pps_vib_fired,B1_T39,,,,D7,64
257.375639,pps_response,,,,,,62
260.124779,pps_trial_start,B1_T40,Both,,,33,33
263.041458,pps_response,,,,,,62
265.096208,pps_vib_fired,B1_T40,,,,D1,64
266.679453,pps_trial_start,B1_T41,VisualOnly,,,1,1
273.066791,pps_trial_start,B1_T42,TactileOnly,,,13,13
276.705178,pps_vib_fired,B1_T42,,,,D3,64
279.967425,pps_trial_start,B1_T43,TactileOnly,,,30,30
280.342403,pps_vib_fired,B1_T43,,,,D7,64
284.328388,pps_trial_start,B1_T44,Both,,,58,58
284.703098,pps_vib_fired,B1_T44,,,,D7,64
285.356009,pps_response,,,,,,62
287.980414,pps_trial_start,B1_T45,Both,,,57,57
288.952340,pps_vib_fired,B1_T45,,,,D7,64
288.994200,pps_response,,,,,,62
294.229566,pps_trial_start,B1_T46,TactileOnly,,,10,10
295.853929,pps_vib_fired,B1_T46,,,,D2,64
296.298346,pps_response,,,,,,62
297.562020,pps_trial_start,B1_T47,TactileOnly,,,17,17
300.533860,pps_vib_fired,B1_T47,,,,D4,64
305.129962,pps_trial_start,B1_T48,VisualOnly,,,2,2
308.435336,pps_trial_start,B1_T49,Both,,,45,45
311.406918,pps_vib_fired,B1_T49,,,,D4,64
312.170480,pps_response,,,,,,62
314.629216,pps_trial_start,B1_T50,TactileOnly,,,21,21
316.934138,pps_vib_fired,B1_T50,,,,D5,64
317.809129,pps_response,,,,,,62
320.905411,pps_trial_start,B1_T51,VisualOnly,,,1,1
327.445806,pps_trial_start,B1_T52,TactileOnly,,,5,5
332.417053,pps_vib_fired,B1_T52,,,,D1,64
333.069678,pps_response,,,,,,62
334.486093,pps_trial_start,B1_T53,TactileOnly,,,25,25
336.124725,pps_vib_fired,B1_T53,,,,D6,64
336.763435,pps_response,,,,,,62
341.248920,pps_trial_start,B1_T54,Both,,,57,57
342.220880,pps_vib_fired,B1_T54,,,,D7,64
342.845947,pps_response,,,,,,62
347.637690,pps_trial_start,B1_T55,Both,,,37,37
351.942383,pps_vib_fired,B1_T55,,,,D2,64
352.497865,pps_response,,,,,,62
353.844495,pps_trial_start,B1_T56,Both,,,34,34
355.718827,pps_vib_fired,B1_T56,,,,D1,64
356.107587,pps_response,,,,,,62
357.371359,pps_trial_start,B1_T57,VisualOnly,,,1,1
363.662386,pps_trial_start,B1_T58,TactileOnly,,,22,22
364.536835,pps_vib_fired,B1_T58,,,,D5,64
365.148332,pps_response,,,,,,62
367.327738,pps_trial_start,B1_T59,Both,,,53,53
368.966060,pps_vib_fired,B1_T59,,,,D6,64
369.702524,pps_response,,,,,,62
373.646180,pps_trial_start,B1_T60,TactileOnly,,,29,29
374.617979,pps_vib_fired,B1_T60,,,,D7,64
375.256933,pps_response,,,,,,62
380.089598,pps_trial_start,B1_T61,TactileOnly,,,26,26
380.713987,pps_vib_fired,B1_T61,,,,D6,64
381.422857,pps_response,,,,,,62
383.200196,pps_trial_start,B1_T62,Both,,,42,42
384.575143,pps_vib_fired,B1_T62,,,,D3,64
385.213677,pps_response,,,,,,62
386.810697,pps_trial_start,B1_T63,Both,,,57,57
387.783067,pps_vib_fired,B1_T63,,,,D7,64
394.045183,pps_trial_start,B1_T64,Both,,,42,42
395.420218,pps_vib_fired,B1_T64,,,,D3,64
395.906218,pps_response,,,,,,62
397.461560,pps_trial_start,B1_T65,TactileOnly,,,6,6
399.336087,pps_vib_fired,B1_T65,,,,D1,64
400.085900,pps_response,,,,,,62
401.377271,pps_trial_start,B1_T66,TactileOnly,,,5,5
406.348599,pps_vib_fired,B1_T66,,,,D1,64
407.015663,pps_response,,,,,,62
408.432017,pps_trial_start,B1_T67,TactileOnly,,,13,13
412.069843,pps_vib_fired,B1_T67,,,,D3,64
412.667147,pps_response,,,,,,62
414.652614,pps_trial_start,B1_T68,Both,,,33,33
419.624105,pps_vib_fired,B1_T68,,,,D1,64
420.055178,pps_response,,,,,,62
421.693649,pps_trial_start,B1_T69,VisualOnly,,,1,1
424.151387,pps_response,,,,,,62
428.164796,pps_trial_start,B1_T70,Both,,,34,34
430.039295,pps_vib_fired,B1_T70,,,,D1,64
430.483915,pps_response,,,,,,62
431.719710,pps_trial_start,B1_T71,Both,,,49,49
434.024357,pps_vib_fired,B1_T71,,,,D5,64
434.691124,pps_response,,,,,,62
437.940895,pps_trial_start,B1_T72,Both,,,42,42
439.315459,pps_vib_fired,B1_T72,,,,D3,64
439.815392,pps_response,,,,,,62
441.328799,pps_trial_start,B1_T73,Both,,,38,38
442.953823,pps_vib_fired,B1_T73,,,,D2,64
443.384582,pps_response,,,,,,62
444.828644,pps_trial_start,B1_T74,TactileOnly,,,10,10
446.453518,pps_vib_fired,B1_T74,,,,D2,64
447.369741,pps_response,,,,,,62
448.952710,pps_trial_start,B1_T75,Both,,,50,50
449.813908,pps_vib_fired,B1_T75,,,,D5,64
450.591433,pps_response,,,,,,62
452.271693,pps_trial_start,B1_T76,TactileOnly,,,21,21
454.715273,pps_vib_fired,B1_T76,,,,D5,64
455.420485,pps_response,,,,,,62
458.811072,pps_trial_start,B1_T77,Both,,,49,49
461.116882,pps_vib_fired,B1_T77,,,,D5,64
461.672243,pps_response,,,,,,62
465.532816,pps_trial_start,B1_T78,TactileOnly,,,14,14
466.908365,pps_vib_fired,B1_T78,,,,D3,64
467.477319,pps_response,,,,,,62
469.227524,pps_trial_start,B1_T79,TactileOnly,,,13,13
472.865644,pps_vib_fired,B1_T79,,,,D3,64
473.517712,pps_response,,,,,,62
475.475340,pps_trial_start,B1_T80,TactileOnly,,,10,10
477.100308,pps_vib_fired,B1_T80,,,,D2,64
477.892247,pps_response,,,,,,62
479.600014,pps_trial_start,B1_T81,TactileOnly,,,22,22
480.474671,pps_vib_fired,B1_T81,,,,D5,64
481.391653,pps_response,,,,,,62
482.793952,pps_trial_start,B1_T82,VisualOnly,,,2,2
485.987532,pps_trial_start,B1_T83,Both,,,50,50
486.862461,pps_vib_fired,B1_T83,,,,D5,64
487.418452,pps_response,,,,,,62
489.098240,pps_trial_start,B1_T84,TactileOnly,,,22,22
489.973093,pps_vib_fired,B1_T84,,,,D5,64
490.820426,pps_response,,,,,,62
492.486966,pps_trial_start,B1_T85,TactileOnly,,,29,29
493.459412,pps_vib_fired,B1_T85,,,,D7,64
494.250057,pps_response,,,,,,62
499.041444,pps_trial_start,B1_T86,VisualOnly,,,1,1
505.651988,pps_trial_start,B1_T87,Both,,,54,54
506.263514,pps_vib_fired,B1_T87,,,,D6,64
509.137625,pps_trial_start,B1_T88,TactileOnly,,,17,17
512.108683,pps_vib_fired,B1_T88,,,,D4,64
512.858259,pps_response,,,,,,62
515.732920,pps_trial_start,B1_T89,VisualOnly,,,2,2
518.885111,pps_trial_start,B1_T90,Both,,,33,33
523.856000,pps_vib_fired,B1_T90,,,,D1,64
524.300441,pps_response,,,,,,62
525.744760,pps_trial_start,B1_T91,Both,,,54,54
526.369423,pps_vib_fired,B1_T91,,,,D6,64
529.980740,pps_trial_start,B1_T92,TactileOnly,,,9,9
534.285277,pps_vib_fired,B1_T92,,,,D2,64
534.924066,pps_response,,,,,,62
536.757451,pps_trial_start,B1_T93,VisualOnly,,,2,2
539.992202,pps_trial_start,B1_T94,VisualOnly,,,1,1
546.365964,pps_trial_start,B1_T95,TactileOnly,,,5,5
551.337281,pps_vib_fired,B1_T95,,,,D1,64
551.975982,pps_response,,,,,,62
553.517572,pps_trial_start,B1_T96,Both,,,46,46
554.628540,pps_vib_fired,B1_T96,,,,D4,64
555.225491,pps_response,,,,,,62
557.016962,pps_trial_start,B1_T97,Both,,,46,46
558.142583,pps_vib_fired,B1_T97,,,,D4,64
558.586223,pps_response,,,,,,62
560.502429,pps_trial_start,B1_T98,TactileOnly,,,30,30
560.877374,pps_vib_fired,B1_T98,,,,D7,64
564.335534,pps_trial_start,B1_T99,Both,,,33,33
569.376846,pps_vib_fired,B1_T99,,,,D1,64
569.765142,pps_response,,,,,,62
571.459164,pps_trial_start,B1_T100,Both,,,37,37
575.763998,pps_vib_fired,B1_T100,,,,D2,64
576.180805,pps_response,,,,,,62
578.096893,pps_trial_start,B1_T101,Both,,,50,50
578.971321,pps_vib_fired,B1_T101,,,,D5,64
579.540701,pps_response,,,,,,62
581.193280,pps_trial_start,B1_T102,Both,,,34,34
583.067996,pps_vib_fired,B1_T102,,,,D1,64
583.456839,pps_response,,,,,,62
585.165020,pps_trial_start,B1_T103,TactileOnly,,,29,29
586.136676,pps_vib_fired,B1_T103,,,,D7,64
586.845097,pps_response,,,,,,62
591.873280,pps_trial_start,B1_T104,TactileOnly,,,18,18
592.997877,pps_vib_fired,B1_T104,,,,D4,64
593.567769,pps_response,,,,,,62
595.524658,pps_trial_start,B1_T105,Both,,,41,41
599.163221,pps_vib_fired,B1_T105,,,,D3,64
599.732173,pps_response,,,,,,62
601.787237,pps_trial_start,B1_T106,TactileOnly,,,25,25
603.425784,pps_vib_fired,B1_T106,,,,D6,64
604.147795,pps_response,,,,,,62
608.022434,pps_trial_start,B1_T107,Both,,,45,45
610.993747,pps_vib_fired,B1_T107,,,,D4,64
611.590811,pps_response,,,,,,62
614.784748,pps_trial_start,B1_T108,Both,,,37,37
619.089438,pps_vib_fired,B1_T108,,,,D2,64
619.700270,pps_response,,,,,,62
621.172370,pps_trial_start,B1_T109,TactileOnly,,,25,25
622.811024,pps_vib_fired,B1_T109,,,,D6,64
623.533039,pps_response,,,,,,62
627.949360,pps_trial_start,B1_T110,TactileOnly,,,22,22
628.824176,pps_vib_fired,B1_T110,,,,D5,64
629.505069,pps_response,,,,,,62
631.422214,pps_trial_start,B1_T111,Both,,,41,41
635.059582,pps_vib_fired,B1_T111,,,,D3,64
635.615120,pps_response,,,,,,62
637.753333,pps_trial_start,B1_T112,Both,,,53,53
639.378300,pps_vib_fired,B1_T112,,,,D6,64
640.031041,pps_response,,,,,,62
644.099481,pps_trial_start,B1_T113,Both,,,50,50
644.974303,pps_vib_fired,B1_T113,,,,D5,64
645.460129,pps_response,,,,,,62
647.709772,pps_trial_start,B1_T114,TactileOnly,,,29,29
648.682172,pps_vib_fired,B1_T114,,,,D7,64
649.279508,pps_response,,,,,,62
654.125611,pps_trial_start,B1_T115,VisualOnly,,,2,2
657.361180,pps_trial_start,B1_T116,VisualOnly,,,1,1
664.082110,pps_trial_start,B1_T117,TactileOnly,,,6,6
665.956706,pps_vib_fired,B1_T117,,,,D1,64
666.553801,pps_response,,,,,,62
668.123016,pps_trial_start,B1_T118,TactileOnly,,,14,14
669.498142,pps_vib_fired,B1_T118,,,,D3,64
670.289524,pps_response,,,,,,62
672.094566,pps_trial_start,B1_T119,Both,,,42,42
673.469239,pps_vib_fired,B1_T119,,,,D3,64
674.052882,pps_response,,,,,,62
675.815944,pps_trial_start,B1_T120,TactileOnly,,,5,5
680.787768,pps_vib_fired,B1_T120,,,,D1,64
681.412435,pps_response,,,,,,62
682.870399,pps_trial_start,B1_T121,Both,,,41,41
686.508452,pps_vib_fired,B1_T121,,,,D3,64
687.202927,pps_response,,,,,,62
689.271691,pps_trial_start,B1_T122,VisualOnly,,,2,2
692.605210,pps_trial_start,B1_T123,VisualOnly,,,2,2
696.230059,pps_trial_start,B1_T124,Both,,,45,45
699.201971,pps_vib_fired,B1_T124,,,,D4,64
699.798962,pps_response,,,,,,62
702.478630,pps_trial_start,B1_T125,Both,,,49,49
704.783786,pps_vib_fired,B1_T125,,,,D5,64
709.657895,pps_trial_start,B1_T126,TactileOnly,,,21,21
711.962938,pps_vib_fired,B1_T126,,,,D5,64
712.615882,pps_response,,,,,,62
715.878963,pps_trial_start,B1_T127,Both,,,38,38
717.337309,pps_response,,,,,,62
717.504188,pps_vib_fired,B1_T127,,,,D2,64
719.128104,pps_trial_start,B1_T128,TactileOnly,,,30,30
719.503243,pps_vib_fired,B1_T128,,,,D7,64
722.683065,pps_trial_start,B1_T129,VisualOnly,,,1,1
728.918037,pps_trial_start,B1_T130,Both,,,38,38
730.542406,pps_vib_fired,B1_T130,,,,D2,64
730.945093,pps_response,,,,,,62
732.556098,pps_trial_start,B1_T131,TactileOnly,,,18,18
733.680794,pps_vib_fired,B1_T131,,,,D4,64
734.375047,pps_response,,,,,,62
736.069409,pps_trial_start,B1_T132,VisualOnly,,,2,2
739.596546,pps_trial_start,B1_T133,Both,,,42,42
740.971034,pps_vib_fired,B1_T133,,,,D3,64
741.429848,pps_response,,,,,,62
742.749002,pps_trial_start,B1_T134,TactileOnly,,,14,14
744.123602,pps_vib_fired,B1_T134,,,,D3,64
744.776702,pps_response,,,,,,62
746.179047,pps_trial_start,B1_T135,Both,,,37,37
750.484089,pps_vib_fired,B1_T135,,,,D2,64
750.983503,pps_response,,,,,,62
752.857844,pps_trial_start,B1_T136,Both,,,58,58
753.232847,pps_vib_fired,B1_T136,,,,D7,64
754.121431,pps_response,,,,,,62
756.161446,pps_trial_start,B1_T137,VisualOnly,,,2,2
759.412647,pps_trial_start,B1_T138,VisualOnly,,,1,1
765.647662,pps_trial_start,B1_T139,Both,,,38,38
767.258563,pps_vib_fired,B1_T139,,,,D2,64
767.661291,pps_response,,,,,,62
769.105485,pps_trial_start,B1_T140,VisualOnly,,,1,1
775.604069,pps_trial_start,B1_T141,Both,,,38,38
777.228770,pps_vib_fired,B1_T141,,,,D2,64
777.659214,pps_response,,,,,,62
779.325460,pps_trial_start,B1_T142,TactileOnly,,,18,18
780.450388,pps_vib_fired,B1_T142,,,,D4,64
781.450154,pps_response,,,,,,62
783.061364,pps_trial_start,B1_T143,Both,,,46,46
784.172495,pps_vib_fired,B1_T143,,,,D4,64
784.769128,pps_response,,,,,,62
786.588442,pps_trial_start,B1_T144,VisualOnly,,,2,2
789.949151,pps_trial_start,B1_T145,Both,,,50,50
790.823490,pps_vib_fired,B1_T145,,,,D5,64
791.254258,pps_response,,,,,,62
793.142350,pps_trial_start,B1_T146,TactileOnly,,,14,14
794.517262,pps_vib_fired,B1_T146,,,,D3,64
795.030916,pps_response,,,,,,62
796.517016,pps_trial_start,B1_T147,Both,,,57,57
797.489250,pps_vib_fired,B1_T147,,,,D7,64
798.155988,pps_response,,,,,,62
802.780166,pps_trial_start,B1_T148,TactileOnly,,,9,9
807.084608,pps_vib_fired,B1_T148,,,,D2,64
807.723597,pps_response,,,,,,62
809.473464,pps_trial_start,B1_T149,TactileOnly,,,25,25
811.111407,pps_vib_fired,B1_T149,,,,D6,64
811.792244,pps_response,,,,,,62
815.694148,pps_trial_start,B1_T150,TactileOnly,,,26,26
816.319218,pps_vib_fired,B1_T150,,,,D6,64
816.930243,pps_response,,,,,,62
819.207344,pps_trial_start,B1_T151,TactileOnly,,,30,30
819.582428,pps_vib_fired,B1_T151,,,,D7,64
820.290556,pps_response,,,,,,62
822.345807,pps_trial_start,B1_T152,Both,,,53,53
823.984387,pps_vib_fired,B1_T152,,,,D6,64
824.692532,pps_response,,,,,,62
828.941769,pps_trial_start,B1_T153,TactileOnly,,,10,10
830.566493,pps_vib_fired,B1_T153,,,,D2,64
831.552524,pps_response,,,,,,62
832.899442,pps_trial_start,B1_T154,VisualOnly,,,2,2
843.911513,pps_trial_start,B2_T01,Both,,,38,38
845.536190,pps_vib_fired,B2_T01,,,,D2,64
846.299975,pps_response,,,,,,62
847.994647,pps_trial_start,B2_T02,Both,,,53,53
849.619526,pps_vib_fired,B2_T02,,,,D6,64
854.854438,pps_trial_start,B2_T03,TactileOnly,,,17,17
857.826270,pps_vib_fired,B2_T03,,,,D4,64
858.604262,pps_response,,,,,,62
861.269818,pps_trial_start,B2_T04,Both,,,33,33
866.240926,pps_vib_fired,B2_T04,,,,D1,64
866.699366,pps_response,,,,,,62
868.268542,pps_trial_start,B2_T05,TactileOnly,,,25,25
869.907035,pps_vib_fired,B2_T05,,,,D6,64
870.587470,pps_response,,,,,,62
874.698430,pps_trial_start,B2_T06,VisualOnly,,,2,2
878.239559,pps_trial_start,B2_T07,TactileOnly,,,5,5
883.210913,pps_vib_fired,B2_T07,,,,D1,64
883.863739,pps_response,,,,,,62
885.197195,pps_trial_start,B2_T08,Both,,,42,42
886.571875,pps_vib_fired,B2_T08,,,,D3,64
887.168948,pps_response,,,,,,62
888.668574,pps_trial_start,B2_T09,Both,,,50,50
889.543253,pps_vib_fired,B2_T09,,,,D5,64
890.265440,pps_response,,,,,,62
892.084492,pps_trial_start,B2_T10,TactileOnly,,,30,30
892.459665,pps_vib_fired,B2_T10,,,,D7,64
893.153623,pps_response,,,,,,62
895.278187,pps_trial_start,B2_T11,Both,,,37,37
899.582766,pps_vib_fired,B2_T11,,,,D2,64
900.054824,pps_response,,,,,,62
902.040862,pps_trial_start,B2_T12,TactileOnly,,,22,22
902.915318,pps_vib_fired,B2_T12,,,,D5,64
903.637578,pps_response,,,,,,62
905.428693,pps_trial_start,B2_T13,Both,,,53,53
907.053256,pps_vib_fired,B2_T13,,,,D6,64
907.650617,pps_response,,,,,,62
911.663088,pps_trial_start,B2_T14,Both,,,53,53
913.288559,pps_vib_fired,B2_T14,,,,D6,64
913.844338,pps_response,,,,,,62
917.996291,pps_trial_start,B2_T15,Both,,,37,37
922.300958,pps_vib_fired,B2_T15,,,,D2,64
922.745268,pps_response,,,,,,62
924.217593,pps_trial_start,B2_T16,Both,,,45,45
927.190108,pps_vib_fired,B2_T16,,,,D4,64
928.203961,pps_response,,,,,,62
930.897668,pps_trial_start,B2_T17,Both,,,49,49
933.202332,pps_vib_fired,B2_T17,,,,D5,64
933.674867,pps_response,,,,,,62
937.631765,pps_trial_start,B2_T18,Both,,,54,54
938.242705,pps_vib_fired,B2_T18,,,,D6,64
938.881423,pps_response,,,,,,62
941.242073,pps_trial_start,B2_T19,TactileOnly,,,18,18
942.367199,pps_vib_fired,B2_T19,,,,D4,64
945.672485,pps_trial_start,B2_T20,VisualOnly,,,2,2
949.227386,pps_trial_start,B2_T21,Both,,,42,42
950.588511,pps_vib_fired,B2_T21,,,,D3,64
951.004797,pps_response,,,,,,62
952.823633,pps_trial_start,B2_T22,TactileOnly,,,18,18
953.948580,pps_vib_fired,B2_T22,,,,D4,64
957.267281,pps_trial_start,B2_T23,TactileOnly,,,29,29
958.239668,pps_vib_fired,B2_T23,,,,D7,64
964.265824,pps_trial_start,B2_T24,Both,,,34,34
966.140269,pps_vib_fired,B2_T24,,,,D1,64
966.584611,pps_response,,,,,,62
967.876389,pps_trial_start,B2_T25,TactileOnly,,,6,6
969.751164,pps_vib_fired,B2_T25,,,,D1,64
970.667583,pps_response,,,,,,62
971.930941,pps_trial_start,B2_T26,VisualOnly,,,1,1
978.305239,pps_trial_start,B2_T27,Both,,,37,37
982.609998,pps_vib_fired,B2_T27,,,,D2,64
983.081998,pps_response,,,,,,62
984.525970,pps_trial_start,B2_T28,Both,,,57,57
985.498207,pps_vib_fired,B2_T28,,,,D7,64
986.317279,pps_response,,,,,,62
991.219624,pps_trial_start,B2_T29,TactileOnly,,,29,29
992.387587,pps_vib_fired,B2_T29,,,,D7,64
992.927812,pps_response,,,,,,62
997.621042,pps_trial_start,B2_T30,VisualOnly,,,1,1
1002.329541,pps_response,,,,,,62
1004.037026,pps_trial_start,B2_T31,TactileOnly,,,30,30
1004.412043,pps_vib_fired,B2_T31,,,,D7,64
1005.009127,pps_response,,,,,,62
1007.216649,pps_trial_start,B2_T32,VisualOnly,,,2,2
1008.843489,pps_response,,,,,,62
1010.785604,pps_trial_start,B2_T33,VisualOnly,,,2,2
1013.910191,pps_trial_start,B2_T34,Both,,,50,50
1014.784436,pps_vib_fired,B2_T34,,,,D5,64
1015.326020,pps_response,,,,,,62
1017.048297,pps_trial_start,B2_T35,TactileOnly,,,21,21
1019.354182,pps_vib_fired,B2_T35,,,,D5,64
1019.951311,pps_response,,,,,,62
1023.353520,pps_trial_start,B2_T36,VisualOnly,,,2,2
1026.685737,pps_trial_start,B2_T37,TactileOnly,,,30,30
1027.060799,pps_vib_fired,B2_T37,,,,D7,64
1027.560903,pps_response,,,,,,62
1030.240967,pps_trial_start,B2_T38,Both,,,58,58
1030.615626,pps_vib_fired,B2_T38,,,,D7,64
1031.240553,pps_response,,,,,,62
1033.559583,pps_trial_start,B2_T39,Both,,,46,46
1034.684316,pps_vib_fired,B2_T39,,,,D4,64
1035.239928,pps_response,,,,,,62
1036.906192,pps_trial_start,B2_T40,VisualOnly,,,1,1
1043.585851,pps_trial_start,B2_T41,TactileOnly,,,21,21
1045.890452,pps_vib_fired,B2_T41,,,,D5,64
1046.390430,pps_response,,,,,,62
1050.306554,pps_trial_start,B2_T42,Both,,,37,37
1054.773095,pps_vib_fired,B2_T42,,,,D2,64
1055.217974,pps_response,,,,,,62
1056.664139,pps_trial_start,B2_T43,Both,,,54,54
1057.275783,pps_vib_fired,B2_T43,,,,D6,64
1057.790163,pps_response,,,,,,62
1060.013003,pps_trial_start,B2_T44,Both,,,53,53
1061.637776,pps_vib_fired,B2_T44,,,,D6,64
1062.137985,pps_response,,,,,,62
1066.595181,pps_trial_start,B2_T45,Both,,,34,34
1068.469723,pps_vib_fired,B2_T45,,,,D1,64
1068.830727,pps_response,,,,,,62
1070.108335,pps_trial_start,B2_T46,VisualOnly,,,2,2
1073.260525,pps_trial_start,B2_T47,Both,,,33,33
1078.231710,pps_vib_fired,B2_T47,,,,D1,64
1078.579222,pps_response,,,,,,62
1080.231663,pps_trial_start,B2_T48,Both,,,58,58
1080.606714,pps_vib_fired,B2_T48,,,,D7,64
1081.231499,pps_response,,,,,,62
1083.773003,pps_trial_start,B2_T49,VisualOnly,,,2,2
1086.911952,pps_trial_start,B2_T50,TactileOnly,,,5,5
1091.882657,pps_vib_fired,B2_T50,,,,D1,64
1092.216109,pps_response,,,,,,62
1093.965657,pps_trial_start,B2_T51,VisualOnly,,,1,1
1100.700147,pps_trial_start,B2_T52,VisualOnly,,,2,2
1104.310715,pps_trial_start,B2_T53,TactileOnly,,,13,13
1107.950056,pps_vib_fired,B2_T53,,,,D3,64
1108.505643,pps_response,,,,,,62
1110.644374,pps_trial_start,B2_T54,TactileOnly,,,18,18
1111.769553,pps_vib_fired,B2_T54,,,,D4,64
1114.768587,pps_trial_start,B2_T55,Both,,,42,42
1116.129019,pps_vib_fired,B2_T55,,,,D3,64
1117.115164,pps_response,,,,,,62
1118.711704,pps_trial_start,B2_T56,Both,,,57,57
1119.683479,pps_vib_fired,B2_T56,,,,D7,64
1120.363695,pps_response,,,,,,62
1125.418662,pps_trial_start,B2_T57,Both,,,49,49
1127.723586,pps_vib_fired,B2_T57,,,,D5,64
1128.167868,pps_response,,,,,,62
1131.819949,pps_trial_start,B2_T58,Both,,,41,41
1135.458046,pps_vib_fired,B2_T58,,,,D3,64
1135.930671,pps_response,,,,,,62
1138.166482,pps_trial_start,B2_T59,Both,,,45,45
1141.138194,pps_vib_fired,B2_T59,,,,D4,64
1141.624161,pps_response,,,,,,62
1144.679008,pps_trial_start,B2_T60,TactileOnly,,,5,5
1149.649746,pps_vib_fired,B2_T60,,,,D1,64
1150.080237,pps_response,,,,,,62
1151.358797,pps_trial_start,B2_T61,TactileOnly,,,17,17
1154.329980,pps_vib_fired,B2_T61,,,,D4,64
1154.747147,pps_response,,,,,,62
1157.955888,pps_trial_start,B2_T62,TactileOnly,,,9,9
1161.357812,pps_response,,,,,,62
1162.260436,pps_vib_fired,B2_T62,,,,D2,64
1164.371594,pps_trial_start,B2_T63,Both,,,49,49
1166.676455,pps_vib_fired,B2_T63,,,,D5,64
1167.162631,pps_response,,,,,,62
1170.842765,pps_trial_start,B2_T64,Both,,,54,54
1171.467429,pps_vib_fired,B2_T64,,,,D6,64
1171.981231,pps_response,,,,,,62
1174.022254,pps_trial_start,B2_T65,Both,,,42,42
1175.396416,pps_vib_fired,B2_T65,,,,D3,64
1175.854929,pps_response,,,,,,62
1177.104440,pps_trial_start,B2_T66,VisualOnly,,,1,1
1183.395219,pps_trial_start,B2_T67,Both,,,42,42
1184.756555,pps_vib_fired,B2_T67,,,,D3,64
1185.367805,pps_response,,,,,,62
1186.839867,pps_trial_start,B2_T68,TactileOnly,,,14,14
1188.214581,pps_vib_fired,B2_T68,,,,D3,64
1188.950466,pps_response,,,,,,62
1190.158638,pps_trial_start,B2_T69,TactileOnly,,,6,6
1192.032525,pps_vib_fired,B2_T69,,,,D1,64
1192.879269,pps_response,,,,,,62
1194.115294,pps_trial_start,B2_T70,TactileOnly,,,10,10
1195.740728,pps_vib_fired,B2_T70,,,,D2,64
1196.601163,pps_response,,,,,,62
1198.198323,pps_trial_start,B2_T71,TactileOnly,,,21,21
1200.502887,pps_vib_fired,B2_T71,,,,D5,64
1201.377774,pps_response,,,,,,62
1204.404508,pps_trial_start,B2_T72,Both,,,45,45
1207.362928,pps_vib_fired,B2_T72,,,,D4,64
1208.126235,pps_response,,,,,,62
1210.917528,pps_trial_start,B2_T73,TactileOnly,,,18,18
1212.042193,pps_vib_fired,B2_T73,,,,D4,64
1215.111337,pps_trial_start,B2_T74,TactileOnly,,,22,22
1215.986077,pps_vib_fired,B2_T74,,,,D5,64
1219.457462,pps_trial_start,B2_T75,Both,,,33,33
1224.415927,pps_vib_fired,B2_T75,,,,D1,64
1224.832249,pps_response,,,,,,62
1226.554021,pps_trial_start,B2_T76,TactileOnly,,,25,25
1228.192680,pps_vib_fired,B2_T76,,,,D6,64
1233.691750,pps_trial_start,B2_T77,TactileOnly,,,10,10
1235.316321,pps_vib_fired,B2_T77,,,,D2,64
1235.996667,pps_response,,,,,,62
1237.510323,pps_trial_start,B2_T78,TactileOnly,,,26,26
1238.135242,pps_vib_fired,B2_T78,,,,D6,64
1238.843214,pps_response,,,,,,62
1240.620995,pps_trial_start,B2_T79,VisualOnly,,,1,1
1246.829005,pps_trial_start,B2_T80,Both,,,49,49
1249.133430,pps_vib_fired,B2_T80,,,,D5,64
1249.716809,pps_response,,,,,,62
1253.604831,pps_trial_start,B2_T81,Both,,,41,41
1257.243811,pps_vib_fired,B2_T81,,,,D3,64
1257.785178,pps_response,,,,,,62
1260.131916,pps_trial_start,B2_T82,Both,,,58,58
1260.506512,pps_vib_fired,B2_T82,,,,D7,64
1261.145611,pps_response,,,,,,62
1263.408564,pps_trial_start,B2_T83,TactileOnly,,,26,26
1264.033410,pps_vib_fired,B2_T83,,,,D6,64
1264.728354,pps_response,,,,,,62
1266.949819,pps_trial_start,B2_T84,Both,,,58,58
1267.324602,pps_vib_fired,B2_T84,,,,D7,64
1267.894200,pps_response,,,,,,62
1270.115783,pps_trial_start,B2_T85,TactileOnly,,,29,29
1271.087581,pps_vib_fired,B2_T85,,,,D7,64
1271.337544,pps_response,,,,,,62
1276.586827,pps_trial_start,B2_T86,TactileOnly,,,17,17
1279.558993,pps_vib_fired,B2_T86,,,,D4,64
1280.184025,pps_response,,,,,,62
1282.960645,pps_trial_start,B2_T87,Both,,,46,46
1284.085465,pps_vib_fired,B2_T87,,,,D4,64
1284.668466,pps_response,,,,,,62
1286.390833,pps_trial_start,B2_T88,VisualOnly,,,1,1
1293.056623,pps_trial_start,B2_T89,Both,,,38,38
1294.681233,pps_vib_fired,B2_T89,,,,D2,64
1295.208835,pps_response,,,,,,62
1296.666705,pps_trial_start,B2_T90,Both,,,49,49
1298.971898,pps_vib_fired,B2_T90,,,,D5,64
1299.694183,pps_response,,,,,,62
1303.055135,pps_trial_start,B2_T91,VisualOnly,,,1,1
1309.275755,pps_trial_start,B2_T92,Both,,,54,54
1309.900128,pps_vib_fired,B2_T92,,,,D6,64
1310.539461,pps_response,,,,,,62
1312.691919,pps_trial_start,B2_T93,TactileOnly,,,13,13
1316.329783,pps_vib_fired,B2_T93,,,,D3,64
1317.051665,pps_response,,,,,,62
1319.384580,pps_trial_start,B2_T94,TactileOnly,,,25,25
1321.023419,pps_vib_fired,B2_T94,,,,D6,64
1321.703689,pps_response,,,,,,62
1325.758526,pps_trial_start,B2_T95,TactileOnly,,,22,22
1326.633255,pps_vib_fired,B2_T95,,,,D5,64
1327.424803,pps_response,,,,,,62
1328.925216,pps_trial_start,B2_T96,Both,,,46,46
1330.050547,pps_vib_fired,B2_T96,,,,D4,64
1330.730720,pps_response,,,,,,62
1332.327685,pps_trial_start,B2_T97,TactileOnly,,,30,30
1332.702496,pps_vib_fired,B2_T97,,,,D7,64
1336.312608,pps_trial_start,B2_T98,Both,,,46,46
1337.437340,pps_vib_fired,B2_T98,,,,D4,64
1338.034211,pps_response,,,,,,62
1339.575596,pps_trial_start,B2_T99,VisualOnly,,,1,1
1346.158041,pps_trial_start,B2_T100,TactileOnly,,,13,13
1349.797809,pps_vib_fired,B2_T100,,,,D3,64
1350.477106,pps_response,,,,,,62
1352.920718,pps_trial_start,B2_T101,TactileOnly,,,21,21
1355.235165,pps_vib_fired,B2_T101,,,,D5,64
1355.930810,pps_response,,,,,,62
1359.516741,pps_trial_start,B2_T102,TactileOnly,,,6,6
1361.391983,pps_vib_fired,B2_T102,,,,D1,64
1362.058520,pps_response,,,,,,62
1363.697083,pps_trial_start,B2_T103,TactileOnly,,,14,14
1365.072172,pps_vib_fired,B2_T103,,,,D3,64
1365.710576,pps_response,,,,,,62
1367.321636,pps_trial_start,B2_T104,Both,,,50,50
1368.182417,pps_vib_fired,B2_T104,,,,D5,64
1368.821413,pps_response,,,,,,62
1370.668258,pps_trial_start,B2_T105,TactileOnly,,,9,9
1374.972405,pps_vib_fired,B2_T105,,,,D2,64
1375.625012,pps_response,,,,,,62
1377.388627,pps_trial_start,B2_T106,Both,,,38,38
1379.013142,pps_vib_fired,B2_T106,,,,D2,64
1379.610090,pps_response,,,,,,62
1381.040548,pps_trial_start,B2_T107,Both,,,58,58
1381.415375,pps_vib_fired,B2_T107,,,,D7,64
1382.179332,pps_response,,,,,,62
1384.359530,pps_trial_start,B2_T108,TactileOnly,,,5,5
1389.330676,pps_vib_fired,B2_T108,,,,D1,64
1389.913915,pps_response,,,,,,62
1391.302664,pps_trial_start,B2_T109,Both,,,54,54
1391.913716,pps_vib_fired,B2_T109,,,,D6,64
1392.691160,pps_response,,,,,,62
1394.635573,pps_trial_start,B2_T110,TactileOnly,,,6,6
1396.510116,pps_vib_fired,B2_T110,,,,D1,64
1397.260138,pps_response,,,,,,62
1398.523424,pps_trial_start,B2_T111,VisualOnly,,,2,2
1401.828313,pps_trial_start,B2_T112,Both,,,45,45
1404.787209,pps_vib_fired,B2_T112,,,,D4,64
1405.439964,pps_response,,,,,,62
1408.203117,pps_trial_start,B2_T113,TactileOnly,,,22,22
1409.077693,pps_vib_fired,B2_T113,,,,D5,64
1409.938598,pps_response,,,,,,62
1411.424539,pps_trial_start,B2_T114,TactileOnly,,,10,10
1413.049288,pps_vib_fired,B2_T114,,,,D2,64
1413.840679,pps_response,,,,,,62
1415.381932,pps_trial_start,B2_T115,TactileOnly,,,25,25
1417.020576,pps_vib_fired,B2_T115,,,,D6,64
1417.645304,pps_response,,,,,,62
1421.895425,pps_trial_start,B2_T116,Both,,,38,38
1423.519597,pps_vib_fired,B2_T116,,,,D2,64
1424.015130,pps_response,,,,,,62
1425.449941,pps_trial_start,B2_T117,Both,,,50,50
1426.324969,pps_vib_fired,B2_T117,,,,D5,64
1427.005058,pps_response,,,,,,62
1428.921388,pps_trial_start,B2_T118,TactileOnly,,,10,10
1430.546067,pps_vib_fired,B2_T118,,,,D2,64
1431.448579,pps_response,,,,,,62
1432.865409,pps_trial_start,B2_T119,TactileOnly,,,26,26
1433.490461,pps_vib_fired,B2_T119,,,,D6,64
1436.809265,pps_trial_start,B2_T120,TactileOnly,,,14,14
1438.183663,pps_vib_fired,B2_T120,,,,D3,64
1441.184025,pps_trial_start,B2_T121,TactileOnly,,,17,17
1444.155711,pps_vib_fired,B2_T121,,,,D4,64
1444.586295,pps_response,,,,,,62
1447.738260,pps_trial_start,B2_T122,Both,,,37,37
1452.042346,pps_vib_fired,B2_T122,,,,D2,64
1452.472460,pps_response,,,,,,62
1454.319456,pps_trial_start,B2_T123,TactileOnly,,,14,14
1455.694103,pps_vib_fired,B2_T123,,,,D3,64
1456.416046,pps_response,,,,,,62
1457.985993,pps_trial_start,B2_T124,Both,,,50,50
1458.847143,pps_vib_fired,B2_T124,,,,D5,64
1459.388994,pps_response,,,,,,62
1461.513999,pps_trial_start,B2_T125,TactileOnly,,,29,29
1462.485487,pps_vib_fired,B2_T125,,,,D7,64
1463.111661,pps_response,,,,,,62
1468.067935,pps_trial_start,B2_T126,Both,,,46,46
1469.192731,pps_vib_fired,B2_T126,,,,D4,64
1469.831560,pps_response,,,,,,62
1471.470397,pps_trial_start,B2_T127,TactileOnly,,,26,26
1472.095406,pps_vib_fired,B2_T127,,,,D6,64
1472.914549,pps_response,,,,,,62
1474.983445,pps_trial_start,B2_T128,Both,,,33,33
1479.954475,pps_vib_fired,B2_T128,,,,D1,64
1480.468224,pps_response,,,,,,62
1481.773155,pps_trial_start,B2_T129,Both,,,34,34
1483.647769,pps_vib_fired,B2_T129,,,,D1,64
1484.092009,pps_response,,,,,,62
1485.786665,pps_trial_start,B2_T130,Both,,,53,53
1487.411164,pps_vib_fired,B2_T130,,,,D6,64
1488.397740,pps_response,,,,,,62
1492.187941,pps_trial_start,B2_T131,Both,,,57,57
1493.160046,pps_vib_fired,B2_T131,,,,D7,64
1493.826839,pps_response,,,,,,62
1498.825697,pps_trial_start,B2_T132,Both,,,41,41
1502.464018,pps_vib_fired,B2_T132,,,,D3,64
1502.978193,pps_response,,,,,,62
1505.144218,pps_trial_start,B2_T133,TactileOnly,,,9,9
1509.449970,pps_vib_fired,B2_T133,,,,D2,64
1510.158610,pps_response,,,,,,62
1511.588676,pps_trial_start,B2_T134,VisualOnly,,,2,2
1514.713558,pps_trial_start,B2_T135,VisualOnly,,,1,1
1521.101182,pps_trial_start,B2_T136,VisualOnly,,,1,1
1527.794022,pps_trial_start,B2_T137,Both,,,57,57
1528.766438,pps_vib_fired,B2_T137,,,,D7,64
1529.418759,pps_response,,,,,,62
1534.361522,pps_trial_start,B2_T138,VisualOnly,,,1,1
1540.736314,pps_trial_start,B2_T139,Both,,,45,45
1543.707205,pps_vib_fired,B2_T139,,,,D4,64
1544.291023,pps_response,,,,,,62
1547.067607,pps_trial_start,B2_T140,VisualOnly,,,1,1
1553.315952,pps_trial_start,B2_T141,VisualOnly,,,2,2
1556.940600,pps_trial_start,B2_T142,VisualOnly,,,2,2
1560.190134,pps_trial_start,B2_T143,Both,,,41,41
1563.828318,pps_vib_fired,B2_T143,,,,D3,64
1564.370027,pps_response,,,,,,62
1566.605493,pps_trial_start,B2_T144,Both,,,38,38
1568.216677,pps_vib_fired,B2_T144,,,,D2,64
1568.660602,pps_response,,,,,,62
1570.049342,pps_trial_start,B2_T145,Both,,,33,33
1575.020719,pps_vib_fired,B2_T145,,,,D1,64
1575.451547,pps_response,,,,,,62
1577.243397,pps_trial_start,B2_T146,VisualOnly,,,1,1
1583.852898,pps_trial_start,B2_T147,Both,,,34,34
1585.714104,pps_vib_fired,B2_T147,,,,D1,64
1586.102790,pps_response,,,,,,62
1587.491455,pps_trial_start,B2_T148,Both,,,34,34
1589.366155,pps_vib_fired,B2_T148,,,,D1,64
1589.810697,pps_response,,,,,,62
1591.185530,pps_trial_start,B2_T149,Both,,,57,57
1592.157566,pps_vib_fired,B2_T149,,,,D7,64
1592.963141,pps_response,,,,,,62
1597.823672,pps_trial_start,B2_T150,VisualOnly,,,2,2
1601.350577,pps_trial_start,B2_T151,TactileOnly,,,13,13
1604.988814,pps_response,,,,,,62
1604.988814,pps_vib_fired,B2_T151,,,,D3,64
1608.071589,pps_trial_start,B2_T152,VisualOnly,,,2,2
1611.445462,pps_trial_start,B2_T153,TactileOnly,,,9,9
1615.750151,pps_vib_fired,B2_T153,,,,D2,64
1616.472300,pps_response,,,,,,62
1618.041159,pps_trial_start,B2_T154,Both,,,41,41
1621.679431,pps_vib_fired,B2_T154,,,,D3,64
1622.220846,pps_response,,,,,,62
1629.733973,pps_trial_start,B3_T01,TactileOnly,,,10,10
1631.358487,pps_vib_fired,B3_T01,,,,D2,64
1632.122383,pps_response,,,,,,62
1633.400007,pps_trial_start,B3_T02,TactileOnly,,,5,5
1638.371720,pps_vib_fired,B3_T02,,,,D1,64
1638.941400,pps_response,,,,,,62
1640.704633,pps_trial_start,B3_T03,TactileOnly,,,30,30
1641.079513,pps_vib_fired,B3_T03,,,,D7,64
1644.898417,pps_trial_start,B3_T04,Both,,,37,37
1649.202113,pps_vib_fired,B3_T04,,,,D2,64
1649.855222,pps_response,,,,,,62
1651.632497,pps_trial_start,B3_T05,Both,,,41,41
1655.265974,pps_vib_fired,B3_T05,,,,D3,64
1655.836259,pps_response,,,,,,62
1657.949516,pps_trial_start,B3_T06,TactileOnly,,,26,26
1658.574924,pps_vib_fired,B3_T06,,,,D6,64
1661.728148,pps_trial_start,B3_T07,VisualOnly,,,1,1
1668.004614,pps_trial_start,B3_T08,Both,,,54,54
1668.629540,pps_vib_fired,B3_T08,,,,D6,64
1669.240396,pps_response,,,,,,62
1671.129143,pps_trial_start,B3_T09,TactileOnly,,,6,6
1673.003884,pps_vib_fired,B3_T09,,,,D1,64
1676.058933,pps_trial_start,B3_T10,VisualOnly,,,2,2
1679.460840,pps_trial_start,B3_T11,Both,,,45,45
1682.432609,pps_vib_fired,B3_T11,,,,D4,64
1683.071424,pps_response,,,,,,62
1686.237377,pps_trial_start,B3_T12,TactileOnly,,,17,17
1689.210011,pps_vib_fired,B3_T12,,,,D4,64
1689.876531,pps_response,,,,,,62
1692.569780,pps_trial_start,B3_T13,Both,,,49,49
1694.874886,pps_vib_fired,B3_T13,,,,D5,64
1695.625078,pps_response,,,,,,62
1699.235557,pps_trial_start,B3_T14,Both,,,46,46
1700.360648,pps_vib_fired,B3_T14,,,,D4,64
1700.902501,pps_response,,,,,,62
1702.721606,pps_trial_start,B3_T15,VisualOnly,,,2,2
1706.359577,pps_trial_start,B3_T16,Both,,,46,46
1707.484360,pps_vib_fired,B3_T16,,,,D4,64
1708.133748,pps_response,,,,,,62
1709.804020,pps_trial_start,B3_T17,VisualOnly,,,1,1
1716.205830,pps_trial_start,B3_T18,VisualOnly,,,2,2
1719.468790,pps_trial_start,B3_T19,Both,,,38,38
1721.093115,pps_vib_fired,B3_T19,,,,D2,64
1721.620571,pps_response,,,,,,62
1723.037117,pps_trial_start,B3_T20,TactileOnly,,,13,13
1726.675046,pps_vib_fired,B3_T20,,,,D3,64
1727.369229,pps_response,,,,,,62
1729.355111,pps_trial_start,B3_T21,VisualOnly,,,1,1
1735.881730,pps_trial_start,B3_T22,TactileOnly,,,17,17
1737.298043,pps_response,,,,,,62
1738.853447,pps_vib_fired,B3_T22,,,,D4,64
1742.380479,pps_trial_start,B3_T23,Both,,,41,41
1746.019071,pps_vib_fired,B3_T23,,,,D3,64
1746.616233,pps_response,,,,,,62
1748.852156,pps_trial_start,B3_T24,Both,,,50,50
1749.727225,pps_vib_fired,B3_T24,,,,D5,64
1750.379810,pps_response,,,,,,62
1752.059677,pps_trial_start,B3_T25,Both,,,42,42
1753.421202,pps_vib_fired,B3_T25,,,,D3,64
1753.934867,pps_response,,,,,,62
1755.267501,pps_trial_start,B3_T26,Both,,,38,38
1756.892370,pps_vib_fired,B3_T26,,,,D2,64
1757.386095,pps_response,,,,,,62
1759.155932,pps_trial_start,B3_T27,Both,,,57,57
1760.127732,pps_vib_fired,B3_T27,,,,D7,64
1766.070546,pps_trial_start,B3_T28,Both,,,50,50
1766.931669,pps_vib_fired,B3_T28,,,,D5,64
1767.501004,pps_response,,,,,,62
1769.570612,pps_trial_start,B3_T29,VisualOnly,,,1,1
1776.124610,pps_trial_start,B3_T30,Both,,,38,38
1777.749550,pps_vib_fired,B3_T30,,,,D2,64
1778.124326,pps_response,,,,,,62
1779.443461,pps_trial_start,B3_T31,TactileOnly,,,18,18
1780.568581,pps_vib_fired,B3_T31,,,,D4,64
1781.318585,pps_response,,,,,,62
1782.943064,pps_trial_start,B3_T32,Both,,,57,57
1783.914931,pps_vib_fired,B3_T32,,,,D7,64
1784.873184,pps_response,,,,,,62
1789.678181,pps_trial_start,B3_T33,TactileOnly,,,14,14
1791.052711,pps_vib_fired,B3_T33,,,,D3,64
1791.830438,pps_response,,,,,,62
1793.135525,pps_trial_start,B3_T34,VisualOnly,,,2,2
1796.676751,pps_trial_start,B3_T35,VisualOnly,,,2,2
1799.926645,pps_trial_start,B3_T36,Both,,,53,53
1801.565095,pps_vib_fired,B3_T36,,,,D6,64
1802.161925,pps_response,,,,,,62
1806.564062,pps_trial_start,B3_T37,TactileOnly,,,5,5
1811.535215,pps_vib_fired,B3_T37,,,,D1,64
1811.993566,pps_response,,,,,,62
1813.604172,pps_trial_start,B3_T38,Both,,,34,34
1815.478641,pps_vib_fired,B3_T38,,,,D1,64
1816.048183,pps_response,,,,,,62
1817.645135,pps_trial_start,B3_T39,VisualOnly,,,2,2
1821.269755,pps_trial_start,B3_T40,TactileOnly,,,5,5
1826.241098,pps_vib_fired,B3_T40,,,,D1,64
1827.018887,pps_response,,,,,,62
1828.366234,pps_trial_start,B3_T41,Both,,,54,54
1828.990826,pps_vib_fired,B3_T41,,,,D6,64
1829.893151,pps_response,,,,,,62
1831.642457,pps_trial_start,B3_T42,Both,,,42,42
1833.017501,pps_vib_fired,B3_T42,,,,D3,64
1833.587033,pps_response,,,,,,62
1835.336659,pps_trial_start,B3_T43,Both,,,38,38
1836.948094,pps_vib_fired,B3_T43,,,,D2,64
1837.489593,pps_response,,,,,,62
1838.850282,pps_trial_start,B3_T44,TactileOnly,,,10,10
1840.475231,pps_vib_fired,B3_T44,,,,D2,64
1841.363914,pps_response,,,,,,62
1842.766506,pps_trial_start,B3_T45,TactileOnly,,,25,25
1844.404515,pps_vib_fired,B3_T45,,,,D6,64
1845.112695,pps_response,,,,,,62
1849.306440,pps_trial_start,B3_T46,TactileOnly,,,13,13
1852.944961,pps_vib_fired,B3_T46,,,,D3,64
1853.583794,pps_response,,,,,,62
1855.569606,pps_trial_start,B3_T47,VisualOnly,,,2,2
1858.958305,pps_trial_start,B3_T48,TactileOnly,,,21,21
1861.263212,pps_vib_fired,B3_T48,,,,D5,64
1862.096449,pps_response,,,,,,62
1865.373181,pps_trial_start,B3_T49,Both,,,41,41
1869.011308,pps_vib_fired,B3_T49,,,,D3,64
1869.858311,pps_response,,,,,,62
1872.052649,pps_trial_start,B3_T50,Both,,,33,33
1877.024734,pps_vib_fired,B3_T50,,,,D1,64
1877.566209,pps_response,,,,,,62
1878.885522,pps_trial_start,B3_T51,Both,,,45,45
1881.856885,pps_vib_fired,B3_T51,,,,D4,64
1886.287052,pps_trial_start,B3_T52,VisualOnly,,,2,2
1889.730644,pps_trial_start,B3_T53,TactileOnly,,,10,10
1891.355815,pps_vib_fired,B3_T53,,,,D2,64
1894.799263,pps_trial_start,B3_T54,TactileOnly,,,17,17
1897.771136,pps_vib_fired,B3_T54,,,,D4,64
1903.255650,pps_trial_start,B3_T55,TactileOnly,,,6,6
1905.130380,pps_vib_fired,B3_T55,,,,D1,64
1905.977734,pps_response,,,,,,62
1907.283757,pps_trial_start,B3_T56,Both,,,54,54
1907.894707,pps_vib_fired,B3_T56,,,,D6,64
1908.783148,pps_response,,,,,,62
1910.755354,pps_trial_start,B3_T57,Both,,,58,58
1911.130313,pps_vib_fired,B3_T57,,,,D7,64
1914.782536,pps_trial_start,B3_T58,TactileOnly,,,17,17
1917.752619,pps_vib_fired,B3_T58,,,,D4,64
1918.503195,pps_response,,,,,,62
1921.114969,pps_trial_start,B3_T59,Both,,,41,41
1924.753116,pps_vib_fired,B3_T59,,,,D3,64
1925.280826,pps_response,,,,,,62
1927.739399,pps_trial_start,B3_T60,VisualOnly,,,1,1
1934.084769,pps_trial_start,B3_T61,Both,,,50,50
1934.959357,pps_vib_fired,B3_T61,,,,D5,64
1935.486917,pps_response,,,,,,62
1937.708605,pps_trial_start,B3_T62,TactileOnly,,,6,6
1939.583568,pps_vib_fired,B3_T62,,,,D1,64
1940.430963,pps_response,,,,,,62
1941.916708,pps_trial_start,B3_T63,Both,,,37,37
1946.220885,pps_vib_fired,B3_T63,,,,D2,64
1946.734945,pps_response,,,,,,62
1948.373074,pps_trial_start,B3_T64,TactileOnly,,,25,25
1950.011453,pps_vib_fired,B3_T64,,,,D6,64
1950.761579,pps_response,,,,,,62
1954.801909,pps_trial_start,B3_T65,Both,,,50,50
1955.676866,pps_vib_fired,B3_T65,,,,D5,64
1956.287748,pps_response,,,,,,62
1958.384993,pps_trial_start,B3_T66,Both,,,57,57
1959.357580,pps_vib_fired,B3_T66,,,,D7,64
1960.329651,pps_response,,,,,,62
1964.619953,pps_trial_start,B3_T67,TactileOnly,,,9,9
1968.924651,pps_vib_fired,B3_T67,,,,D2,64
1969.382963,pps_response,,,,,,62
1970.826897,pps_trial_start,B3_T68,Both,,,46,46
1971.951978,pps_vib_fired,B3_T68,,,,D4,64
1972.701878,pps_response,,,,,,62
1973.951543,pps_trial_start,B3_T69,VisualOnly,,,1,1
1980.367229,pps_trial_start,B3_T70,TactileOnly,,,21,21
1982.672844,pps_vib_fired,B3_T70,,,,D5,64
1983.339573,pps_response,,,,,,62
1986.658164,pps_trial_start,B3_T71,VisualOnly,,,2,2
1990.296181,pps_trial_start,B3_T72,TactileOnly,,,22,22
1991.171005,pps_vib_fired,B3_T72,,,,D5,64
1991.739968,pps_response,,,,,,62
1993.822407,pps_trial_start,B3_T73,Both,,,58,58
1994.197615,pps_vib_fired,B3_T73,,,,D7,64
1997.780620,pps_trial_start,B3_T74,VisualOnly,,,2,2
2000.946715,pps_trial_start,B3_T75,Both,,,33,33
2005.919068,pps_vib_fired,B3_T75,,,,D1,64
2006.377086,pps_response,,,,,,62
2008.126848,pps_trial_start,B3_T76,TactileOnly,,,26,26
2008.751548,pps_vib_fired,B3_T76,,,,D6,64
2009.542848,pps_response,,,,,,62
2011.612285,pps_trial_start,B3_T77,TactileOnly,,,18,18
2012.736912,pps_vib_fired,B3_T77,,,,D4,64
2013.472338,pps_response,,,,,,62
2014.861316,pps_trial_start,B3_T78,TactileOnly,,,22,22
2015.736257,pps_vib_fired,B3_T78,,,,D5,64
2016.499614,pps_response,,,,,,62
2018.054827,pps_trial_start,B3_T79,Both,,,34,34
2019.929944,pps_vib_fired,B3_T79,,,,D1,64
2020.373845,pps_response,,,,,,62
2021.943309,pps_trial_start,B3_T80,Both,,,49,49
2024.248437,pps_vib_fired,B3_T80,,,,D5,64
2024.831523,pps_response,,,,,,62
2028.164583,pps_trial_start,B3_T81,TactileOnly,,,10,10
2029.789326,pps_vib_fired,B3_T81,,,,D2,64
2030.511289,pps_response,,,,,,62
2031.997227,pps_trial_start,B3_T82,Both,,,53,53
2033.621728,pps_vib_fired,B3_T82,,,,D6,64
2034.468918,pps_response,,,,,,62
2038.648647,pps_trial_start,B3_T83,VisualOnly,,,1,1
2045.369647,pps_trial_start,B3_T84,Both,,,58,58
2045.744936,pps_vib_fired,B3_T84,,,,D7,64
2046.411467,pps_response,,,,,,62
2048.717225,pps_trial_start,B3_T85,VisualOnly,,,1,1
2055.034907,pps_trial_start,B3_T86,TactileOnly,,,30,30
2055.409869,pps_vib_fired,B3_T86,,,,D7,64
2056.104262,pps_response,,,,,,62
2058.200991,pps_trial_start,B3_T87,VisualOnly,,,1,1
2064.408218,pps_trial_start,B3_T88,VisualOnly,,,1,1
2071.156853,pps_trial_start,B3_T89,TactileOnly,,,26,26
2071.781463,pps_vib_fired,B3_T89,,,,D6,64
2072.434645,pps_response,,,,,,62
2074.586699,pps_trial_start,B3_T90,Both,,,49,49
2076.905712,pps_vib_fired,B3_T90,,,,D5,64
2077.697422,pps_response,,,,,,62
2081.183240,pps_trial_start,B3_T91,TactileOnly,,,21,21
2083.488183,pps_vib_fired,B3_T91,,,,D5,64
2084.238103,pps_response,,,,,,62
2087.543097,pps_trial_start,B3_T92,VisualOnly,,,1,1
2093.986546,pps_trial_start,B3_T93,Both,,,33,33
2098.957698,pps_vib_fired,B3_T93,,,,D1,64
2099.346558,pps_response,,,,,,62
2101.109944,pps_trial_start,B3_T94,Both,,,42,42
2102.484518,pps_vib_fired,B3_T94,,,,D3,64
2103.151426,pps_response,,,,,,62
2104.734854,pps_trial_start,B3_T95,Both,,,53,53
2106.373330,pps_vib_fired,B3_T95,,,,D6,64
2107.150785,pps_response,,,,,,62
2111.135784,pps_trial_start,B3_T96,Both,,,37,37
2115.427747,pps_vib_fired,B3_T96,,,,D2,64
2115.913785,pps_response,,,,,,62
2117.829729,pps_trial_start,B3_T97,TactileOnly,,,22,22
2118.704602,pps_vib_fired,B3_T97,,,,D5,64
2119.509981,pps_response,,,,,,62
2121.204159,pps_trial_start,B3_T98,TactileOnly,,,26,26
2121.828886,pps_vib_fired,B3_T98,,,,D6,64
2124.883976,pps_trial_start,B3_T99,TactileOnly,,,13,13
2128.522038,pps_vib_fired,B3_T99,,,,D3,64
2129.188416,pps_response,,,,,,62
2131.382445,pps_trial_start,B3_T100,Both,,,49,49
2133.687596,pps_vib_fired,B3_T100,,,,D5,64
2134.617878,pps_response,,,,,,62
2137.881814,pps_trial_start,B3_T101,Both,,,58,58
2138.256222,pps_vib_fired,B3_T101,,,,D7,64
2138.950803,pps_response,,,,,,62
2141.019499,pps_trial_start,B3_T102,Both,,,34,34
2142.894873,pps_vib_fired,B3_T102,,,,D1,64
2143.338853,pps_response,,,,,,62
2144.811326,pps_trial_start,B3_T103,Both,,,42,42
2146.171894,pps_vib_fired,B3_T103,,,,D3,64
2146.698701,pps_response,,,,,,62
2147.907524,pps_trial_start,B3_T104,Both,,,46,46
2149.018507,pps_vib_fired,B3_T104,,,,D4,64
2149.656882,pps_response,,,,,,62
2151.392893,pps_trial_start,B3_T105,TactileOnly,,,30,30
2151.767780,pps_vib_fired,B3_T105,,,,D7,64
2152.531636,pps_response,,,,,,62
2154.642393,pps_trial_start,B3_T106,TactileOnly,,,18,18
2155.767100,pps_vib_fired,B3_T106,,,,D4,64
2156.628142,pps_response,,,,,,62
2157.989200,pps_trial_start,B3_T107,TactileOnly,,,14,14
2159.363980,pps_vib_fired,B3_T107,,,,D3,64
2160.044225,pps_response,,,,,,62
2161.349424,pps_trial_start,B3_T108,Both,,,45,45
2164.321262,pps_vib_fired,B3_T108,,,,D4,64
2165.085235,pps_response,,,,,,62
2168.001433,pps_trial_start,B3_T109,Both,,,57,57
2168.973207,pps_vib_fired,B3_T109,,,,D7,64
2180.568760,pps_trial_start,B3_T110,VisualOnly,,,1,1
2187.067241,pps_trial_start,B3_T111,VisualOnly,,,2,2
2190.372312,pps_trial_start,B3_T112,VisualOnly,,,1,1
2196.733369,pps_trial_start,B3_T113,TactileOnly,,,14,14
2198.205488,pps_vib_fired,B3_T113,,,,D3,64
2198.649393,pps_response,,,,,,62
2200.315401,pps_trial_start,B3_T114,Both,,,58,58
2200.690250,pps_vib_fired,B3_T114,,,,D7,64
2204.328759,pps_trial_start,B3_T115,Both,,,54,54
2204.939198,pps_vib_fired,B3_T115,,,,D6,64
2205.619500,pps_response,,,,,,62
2207.883322,pps_trial_start,B3_T116,TactileOnly,,,9,9
2212.188241,pps_vib_fired,B3_T116,,,,D2,64
2212.701767,pps_response,,,,,,62
2214.145539,pps_trial_start,B3_T117,Both,,,45,45
2217.104017,pps_vib_fired,B3_T117,,,,D4,64
2217.728972,pps_response,,,,,,62
2220.686910,pps_trial_start,B3_T118,Both,,,33,33
2225.657720,pps_vib_fired,B3_T118,,,,D1,64
2226.101851,pps_response,,,,,,62
2227.310490,pps_trial_start,B3_T119,TactileOnly,,,25,25
2228.949377,pps_vib_fired,B3_T119,,,,D6,64
2229.657789,pps_response,,,,,,62
2234.086909,pps_trial_start,B3_T120,Both,,,37,37
2238.391433,pps_vib_fired,B3_T120,,,,D2,64
2238.960442,pps_response,,,,,,62
2240.696856,pps_trial_start,B3_T121,Both,,,42,42
2242.058232,pps_vib_fired,B3_T121,,,,D3,64
2242.682906,pps_response,,,,,,62
2243.918656,pps_trial_start,B3_T122,Both,,,45,45
2246.890261,pps_vib_fired,B3_T122,,,,D4,64
2247.667742,pps_response,,,,,,62
2250.195076,pps_trial_start,B3_T123,TactileOnly,,,9,9
2254.500381,pps_vib_fired,B3_T123,,,,D2,64
2255.138605,pps_response,,,,,,62
2256.652311,pps_trial_start,B3_T124,VisualOnly,,,2,2
2260.165801,pps_trial_start,B3_T125,TactileOnly,,,9,9
2264.470172,pps_vib_fired,B3_T125,,,,D2,64
2267.706035,pps_trial_start,B3_T126,TactileOnly,,,6,6
2269.580635,pps_vib_fired,B3_T126,,,,D1,64
2270.538903,pps_response,,,,,,62
2272.052516,pps_trial_start,B3_T127,Both,,,53,53
2273.677993,pps_vib_fired,B3_T127,,,,D6,64
2274.413410,pps_response,,,,,,62
2278.731351,pps_trial_start,B3_T128,Both,,,41,41
2282.370495,pps_vib_fired,B3_T128,,,,D3,64
2282.981399,pps_response,,,,,,62
2285.397357,pps_trial_start,B3_T129,VisualOnly,,,2,2
2288.952501,pps_trial_start,B3_T130,TactileOnly,,,29,29
2289.924637,pps_vib_fired,B3_T130,,,,D7,64
2290.521655,pps_response,,,,,,62
2295.174039,pps_trial_start,B3_T131,Both,,,37,37
2299.479747,pps_vib_fired,B3_T131,,,,D2,64
2300.076682,pps_response,,,,,,62
2301.479257,pps_trial_start,B3_T132,TactileOnly,,,13,13
2305.117327,pps_vib_fired,B3_T132,,,,D3,64
2305.658604,pps_response,,,,,,62
2307.783252,pps_trial_start,B3_T133,Both,,,33,33
2312.754019,pps_vib_fired,B3_T133,,,,D1,64
2313.142419,pps_response,,,,,,62
2314.739621,pps_trial_start,B3_T134,Both,,,38,38
2316.350513,pps_vib_fired,B3_T134,,,,D2,64
2317.030936,pps_response,,,,,,62
2318.294577,pps_trial_start,B3_T135,TactileOnly,,,18,18
2319.419225,pps_vib_fired,B3_T135,,,,D4,64
2320.363719,pps_response,,,,,,62
2322.168775,pps_trial_start,B3_T136,Both,,,46,46
2323.293598,pps_vib_fired,B3_T136,,,,D4,64
2323.946340,pps_response,,,,,,62
2325.293314,pps_trial_start,B3_T137,TactileOnly,,,21,21
2327.598367,pps_vib_fired,B3_T137,,,,D5,64
2328.473373,pps_response,,,,,,62
2331.944811,pps_trial_start,B3_T138,TactileOnly,,,22,22
2332.820214,pps_vib_fired,B3_T138,,,,D5,64
2335.861111,pps_trial_start,B3_T139,Both,,,49,49
2338.166213,pps_vib_fired,B3_T139,,,,D5,64
2339.096452,pps_response,,,,,,62
2342.151338,pps_trial_start,B3_T140,Both,,,54,54
2342.776587,pps_vib_fired,B3_T140,,,,D6,64
2343.526153,pps_response,,,,,,62
2345.817923,pps_trial_start,B3_T141,Both,,,50,50
2346.692588,pps_vib_fired,B3_T141,,,,D5,64
2347.400692,pps_response,,,,,,62
2349.483685,pps_trial_start,B3_T142,Both,,,57,57
2350.455521,pps_vib_fired,B3_T142,,,,D7,64
2356.371856,pps_trial_start,B3_T143,VisualOnly,,,1,1
2362.926009,pps_trial_start,B3_T144,Both,,,53,53
2364.550767,pps_vib_fired,B3_T144,,,,D6,64
2365.342544,pps_response,,,,,,62
2369.161437,pps_trial_start,B3_T145,TactileOnly,,,5,5
2374.132566,pps_vib_fired,B3_T145,,,,D1,64
2374.855056,pps_response,,,,,,62
2376.243531,pps_trial_start,B3_T146,TactileOnly,,,29,29
2377.215560,pps_vib_fired,B3_T146,,,,D7,64
2383.477629,pps_trial_start,B3_T147,TactileOnly,,,30,30
2383.852594,pps_vib_fired,B3_T147,,,,D7,64
2384.838387,pps_response,,,,,,62
2387.032473,pps_trial_start,B3_T148,VisualOnly,,,2,2
2390.281953,pps_trial_start,B3_T149,TactileOnly,,,29,29
2390.476487,pps_response,,,,,,62
2391.254235,pps_vib_fired,B3_T149,,,,D7,64
2396.975503,pps_trial_start,B3_T150,TactileOnly,,,25,25
2398.614731,pps_vib_fired,B3_T150,,,,D6,64
2403.989018,pps_trial_start,B3_T151,Both,,,34,34
2405.863485,pps_vib_fired,B3_T151,,,,D1,64
2406.224468,pps_response,,,,,,62
2407.599506,pps_trial_start,B3_T152,TactileOnly,,,29,29
2408.571605,pps_vib_fired,B3_T152,,,,D7,64
2409.585406,pps_response,,,,,,62
2414.055884,pps_trial_start,B3_T153,TactileOnly,,,14,14
2415.430975,pps_vib_fired,B3_T153,,,,D3,64
2416.222813,pps_response,,,,,,62
2417.486679,pps_trial_start,B3_T154,Both,,,34,34
2419.361183,pps_vib_fired,B3_T154,,,,D1,64
2419.958147,pps_response,,,,,,62
2419.958147,pps_session_end,,,,,,61
0.000000,session_end,,,,,,57
